"month","lat","n"
1965-11-01,0.5,2
1965-11-01,8,4
1965-11-01,8.5,66
1965-11-01,9,274
1965-11-01,9.5,596
1965-11-01,10,1056
1965-11-01,10.5,1392
1965-11-01,11,2204
1965-11-01,11.5,1174
1965-11-01,12,567
1965-11-01,12.5,248
1965-11-01,13,345
1965-11-01,13.5,1028
1965-11-01,14,936
1965-11-01,14.5,413
1965-11-01,15,424
1965-11-01,15.5,1314
1965-11-01,16,672
1965-11-01,16.5,443
1965-11-01,17,280
1965-11-01,17.5,502
1965-11-01,18,1268
1965-11-01,18.5,709
1965-11-01,19,1023
1965-11-01,19.5,803
1965-11-01,20,254
1965-11-01,20.5,93
1965-11-01,21,209
1965-11-01,21.5,363
1965-11-01,22,255
1965-11-01,22.5,1
1965-11-01,23,2
1965-11-01,27,1
1965-11-01,28,3
1965-11-01,135.5,2
1965-12-01,0,2
1965-12-01,0.5,4
1965-12-01,8,8
1965-12-01,8.5,4
1965-12-01,9,328
1965-12-01,9.5,755
1965-12-01,10,1428
1965-12-01,10.5,1833
1965-12-01,11,2250
1965-12-01,11.5,1075
1965-12-01,12,269
1965-12-01,12.5,220
1965-12-01,13,238
1965-12-01,13.5,1093
1965-12-01,14,962
1965-12-01,14.5,415
1965-12-01,15,431
1965-12-01,15.5,1415
1965-12-01,16,653
1965-12-01,16.5,363
1965-12-01,17,145
1965-12-01,17.5,327
1965-12-01,18,1118
1965-12-01,18.5,724
1965-12-01,19,514
1965-12-01,19.5,625
1965-12-01,20,315
1965-12-01,20.5,187
1965-12-01,21,578
1965-12-01,21.5,500
1965-12-01,22,214
1965-12-01,22.5,9
1966-01-01,0,2
1966-01-01,0.5,4
1966-01-01,8.5,58
1966-01-01,9,507
1966-01-01,9.5,939
1966-01-01,10,1158
1966-01-01,10.5,2106
1966-01-01,11,2559
1966-01-01,11.5,1385
1966-01-01,12,415
1966-01-01,12.5,98
1966-01-01,13,234
1966-01-01,13.5,410
1966-01-01,14,845
1966-01-01,14.5,382
1966-01-01,15,785
1966-01-01,15.5,2119
1966-01-01,16,848
1966-01-01,16.5,159
1966-01-01,17,255
1966-01-01,17.5,458
1966-01-01,18,575
1966-01-01,18.5,276
1966-01-01,19,303
1966-01-01,19.5,196
1966-01-01,20,176
1966-01-01,20.5,76
1966-01-01,21,411
1966-01-01,21.5,478
1966-01-01,22,216
1966-01-01,22.5,4
1966-02-01,0.5,6
1966-02-01,1,1
1966-02-01,6.5,2
1966-02-01,7,1
1966-02-01,8.5,4
1966-02-01,9,257
1966-02-01,9.5,658
1966-02-01,10,893
1966-02-01,10.5,1631
1966-02-01,11,2378
1966-02-01,11.5,1054
1966-02-01,12,235
1966-02-01,12.5,184
1966-02-01,13,566
1966-02-01,13.5,294
1966-02-01,14,586
1966-02-01,14.5,576
1966-02-01,15,1007
1966-02-01,15.5,996
1966-02-01,16,1082
1966-02-01,16.5,389
1966-02-01,17,260
1966-02-01,17.5,136
1966-02-01,18,254
1966-02-01,18.5,131
1966-02-01,19,167
1966-02-01,19.5,126
1966-02-01,20,84
1966-02-01,20.5,43
1966-02-01,21,35
1966-02-01,21.5,59
1966-02-01,22,16
1966-02-01,22.5,1
1966-03-01,0,2
1966-03-01,7.5,1
1966-03-01,8,3
1966-03-01,8.5,6
1966-03-01,9,393
1966-03-01,9.5,706
1966-03-01,10,1097
1966-03-01,10.5,1627
1966-03-01,11,2117
1966-03-01,11.5,691
1966-03-01,12,234
1966-03-01,12.5,203
1966-03-01,13,877
1966-03-01,13.5,364
1966-03-01,14,627
1966-03-01,14.5,1066
1966-03-01,15,1276
1966-03-01,15.5,1527
1966-03-01,16,687
1966-03-01,16.5,313
1966-03-01,17,460
1966-03-01,17.5,451
1966-03-01,18,714
1966-03-01,18.5,478
1966-03-01,19,407
1966-03-01,19.5,203
1966-03-01,20,160
1966-03-01,20.5,83
1966-03-01,21,50
1966-03-01,21.5,141
1966-03-01,22,15
1966-03-01,23,1
1966-03-01,26,2
1966-03-01,135.5,3
1966-04-01,0,2
1966-04-01,0.5,3
1966-04-01,6.5,3
1966-04-01,8.5,34
1966-04-01,9,298
1966-04-01,9.5,645
1966-04-01,10,1212
1966-04-01,10.5,2038
1966-04-01,11,2724
1966-04-01,11.5,1286
1966-04-01,12,422
1966-04-01,12.5,422
1966-04-01,13,1614
1966-04-01,13.5,734
1966-04-01,14,780
1966-04-01,14.5,767
1966-04-01,15,1579
1966-04-01,15.5,1611
1966-04-01,16,1283
1966-04-01,16.5,772
1966-04-01,17,490
1966-04-01,17.5,443
1966-04-01,18,1777
1966-04-01,18.5,680
1966-04-01,19,419
1966-04-01,19.5,446
1966-04-01,20,252
1966-04-01,20.5,53
1966-04-01,21,152
1966-04-01,21.5,259
1966-04-01,22,123
1966-04-01,22.5,1
1966-04-01,24,4
1966-04-01,135.5,4
1966-05-01,0,1
1966-05-01,0.5,8
1966-05-01,8.5,17
1966-05-01,9,534
1966-05-01,9.5,1059
1966-05-01,10,1497
1966-05-01,10.5,3669
1966-05-01,11,3646
1966-05-01,11.5,2787
1966-05-01,12,840
1966-05-01,12.5,622
1966-05-01,13,832
1966-05-01,13.5,909
1966-05-01,14,1379
1966-05-01,14.5,1016
1966-05-01,15,2360
1966-05-01,15.5,1662
1966-05-01,16,2195
1966-05-01,16.5,2230
1966-05-01,17,1495
1966-05-01,17.5,1374
1966-05-01,18,2953
1966-05-01,18.5,1497
1966-05-01,19,1344
1966-05-01,19.5,820
1966-05-01,20,304
1966-05-01,20.5,109
1966-05-01,21,294
1966-05-01,21.5,356
1966-05-01,22,205
1966-05-01,22.5,11
1966-05-01,24,1
1966-06-01,0,3
1966-06-01,8.5,42
1966-06-01,9,248
1966-06-01,9.5,318
1966-06-01,10,1053
1966-06-01,10.5,1943
1966-06-01,11,1978
1966-06-01,11.5,1259
1966-06-01,12,550
1966-06-01,12.5,450
1966-06-01,13,414
1966-06-01,13.5,391
1966-06-01,14,944
1966-06-01,14.5,324
1966-06-01,15,865
1966-06-01,15.5,919
1966-06-01,16,763
1966-06-01,16.5,893
1966-06-01,17,490
1966-06-01,17.5,1144
1966-06-01,18,870
1966-06-01,18.5,670
1966-06-01,19,707
1966-06-01,19.5,630
1966-06-01,20,296
1966-06-01,20.5,115
1966-06-01,21,190
1966-06-01,21.5,259
1966-06-01,22,115
1966-06-01,22.5,4
1966-07-01,0,2
1966-07-01,8.5,23
1966-07-01,9,260
1966-07-01,9.5,393
1966-07-01,10,803
1966-07-01,10.5,1712
1966-07-01,11,2067
1966-07-01,11.5,1291
1966-07-01,12,475
1966-07-01,12.5,257
1966-07-01,13,705
1966-07-01,13.5,760
1966-07-01,14,589
1966-07-01,14.5,605
1966-07-01,15,930
1966-07-01,15.5,1452
1966-07-01,16,651
1966-07-01,16.5,1054
1966-07-01,17,1242
1966-07-01,17.5,3611
1966-07-01,18,1814
1966-07-01,18.5,712
1966-07-01,19,657
1966-07-01,19.5,671
1966-07-01,20,428
1966-07-01,20.5,109
1966-07-01,21,169
1966-07-01,21.5,286
1966-07-01,22,37
1966-07-01,22.5,9
1966-07-01,24,1
1966-08-01,0,4
1966-08-01,6.5,4
1966-08-01,8.5,32
1966-08-01,9,198
1966-08-01,9.5,348
1966-08-01,10,906
1966-08-01,10.5,1880
1966-08-01,11,2515
1966-08-01,11.5,1475
1966-08-01,12,435
1966-08-01,12.5,193
1966-08-01,13,641
1966-08-01,13.5,505
1966-08-01,14,583
1966-08-01,14.5,554
1966-08-01,15,593
1966-08-01,15.5,1599
1966-08-01,16,633
1966-08-01,16.5,1367
1966-08-01,17,3982
1966-08-01,17.5,3498
1966-08-01,18,3341
1966-08-01,18.5,975
1966-08-01,19,793
1966-08-01,19.5,860
1966-08-01,20,427
1966-08-01,20.5,291
1966-08-01,21,413
1966-08-01,21.5,567
1966-08-01,22,175
1966-08-01,22.5,2
1966-09-01,0,3
1966-09-01,0.5,3
1966-09-01,7.5,3
1966-09-01,8.5,51
1966-09-01,9,92
1966-09-01,9.5,436
1966-09-01,10,881
1966-09-01,10.5,2185
1966-09-01,11,2708
1966-09-01,11.5,1396
1966-09-01,12,500
1966-09-01,12.5,203
1966-09-01,13,413
1966-09-01,13.5,854
1966-09-01,14,631
1966-09-01,14.5,449
1966-09-01,15,782
1966-09-01,15.5,1943
1966-09-01,16,1041
1966-09-01,16.5,1284
1966-09-01,17,4178
1966-09-01,17.5,2728
1966-09-01,18,2958
1966-09-01,18.5,856
1966-09-01,19,797
1966-09-01,19.5,1550
1966-09-01,20,832
1966-09-01,20.5,491
1966-09-01,21,862
1966-09-01,21.5,426
1966-09-01,22,84
1966-09-01,22.5,2
1966-09-01,25,1
1966-10-01,0,5
1966-10-01,0.5,10
1966-10-01,8.5,7
1966-10-01,9,128
1966-10-01,9.5,208
1966-10-01,10,708
1966-10-01,10.5,1572
1966-10-01,11,2366
1966-10-01,11.5,1279
1966-10-01,12,356
1966-10-01,12.5,333
1966-10-01,13,240
1966-10-01,13.5,772
1966-10-01,14,772
1966-10-01,14.5,693
1966-10-01,15,1211
1966-10-01,15.5,1583
1966-10-01,16,1396
1966-10-01,16.5,1122
1966-10-01,17,5036
1966-10-01,17.5,2297
1966-10-01,18,2831
1966-10-01,18.5,1455
1966-10-01,19,1348
1966-10-01,19.5,2202
1966-10-01,20,1494
1966-10-01,20.5,550
1966-10-01,21,627
1966-10-01,21.5,620
1966-10-01,22,348
1966-10-01,22.5,3
1966-10-01,23.5,2
1966-10-01,24,6
1966-10-01,24.5,2
1966-11-01,6.5,10
1966-11-01,7,16
1966-11-01,7.5,4
1966-11-01,8,6
1966-11-01,9,88
1966-11-01,9.5,448
1966-11-01,10,1021
1966-11-01,10.5,1389
1966-11-01,11,2408
1966-11-01,11.5,1441
1966-11-01,12,276
1966-11-01,12.5,370
1966-11-01,13,193
1966-11-01,13.5,449
1966-11-01,14,1311
1966-11-01,14.5,744
1966-11-01,15,1147
1966-11-01,15.5,1508
1966-11-01,16,819
1966-11-01,16.5,1274
1966-11-01,17,5207
1966-11-01,17.5,2404
1966-11-01,18,1621
1966-11-01,18.5,609
1966-11-01,19,835
1966-11-01,19.5,1742
1966-11-01,20,1037
1966-11-01,20.5,605
1966-11-01,21,570
1966-11-01,21.5,373
1966-11-01,22,242
1966-11-01,22.5,6
1966-12-01,0.5,6
1966-12-01,6.5,37
1966-12-01,7,5
1966-12-01,8,3
1966-12-01,8.5,4
1966-12-01,9,138
1966-12-01,9.5,491
1966-12-01,10,960
1966-12-01,10.5,1712
1966-12-01,11,2760
1966-12-01,11.5,3019
1966-12-01,12,375
1966-12-01,12.5,405
1966-12-01,13,181
1966-12-01,13.5,375
1966-12-01,14,2030
1966-12-01,14.5,724
1966-12-01,15,1331
1966-12-01,15.5,1561
1966-12-01,16,967
1966-12-01,16.5,1527
1966-12-01,17,3478
1966-12-01,17.5,1513
1966-12-01,18,1266
1966-12-01,18.5,759
1966-12-01,19,780
1966-12-01,19.5,1560
1966-12-01,20,863
1966-12-01,20.5,355
1966-12-01,21,425
1966-12-01,21.5,602
1966-12-01,22,183
1966-12-01,22.5,9
1966-12-01,23,1
1966-12-01,25,3
1967-01-01,0.5,1
1967-01-01,6.5,4
1967-01-01,7,1
1967-01-01,8,5
1967-01-01,8.5,2
1967-01-01,9,210
1967-01-01,9.5,399
1967-01-01,10,772
1967-01-01,10.5,2109
1967-01-01,11,2557
1967-01-01,11.5,1455
1967-01-01,12,255
1967-01-01,12.5,216
1967-01-01,13,220
1967-01-01,13.5,347
1967-01-01,14,1551
1967-01-01,14.5,969
1967-01-01,15,1651
1967-01-01,15.5,1731
1967-01-01,16,1303
1967-01-01,16.5,1742
1967-01-01,17,3659
1967-01-01,17.5,1479
1967-01-01,18,1135
1967-01-01,18.5,424
1967-01-01,19,518
1967-01-01,19.5,796
1967-01-01,20,403
1967-01-01,20.5,347
1967-01-01,21,632
1967-01-01,21.5,543
1967-01-01,22,206
1967-01-01,22.5,4
1967-02-01,0.5,2
1967-02-01,8.5,9
1967-02-01,9,137
1967-02-01,9.5,559
1967-02-01,10,1017
1967-02-01,10.5,1572
1967-02-01,11,3641
1967-02-01,11.5,1985
1967-02-01,12,423
1967-02-01,12.5,398
1967-02-01,13,137
1967-02-01,13.5,118
1967-02-01,14,1129
1967-02-01,14.5,724
1967-02-01,15,1865
1967-02-01,15.5,1556
1967-02-01,16,1649
1967-02-01,16.5,2255
1967-02-01,17,2907
1967-02-01,17.5,1062
1967-02-01,18,730
1967-02-01,18.5,449
1967-02-01,19,638
1967-02-01,19.5,1414
1967-02-01,20,1324
1967-02-01,20.5,713
1967-02-01,21,421
1967-02-01,21.5,702
1967-02-01,22,180
1967-02-01,22.5,7
1967-02-01,24,1
1967-03-01,8.5,4
1967-03-01,9,139
1967-03-01,9.5,572
1967-03-01,10,744
1967-03-01,10.5,1223
1967-03-01,11,2160
1967-03-01,11.5,2687
1967-03-01,12,399
1967-03-01,12.5,213
1967-03-01,13,136
1967-03-01,13.5,218
1967-03-01,14,1439
1967-03-01,14.5,988
1967-03-01,15,2705
1967-03-01,15.5,1573
1967-03-01,16,1282
1967-03-01,16.5,1584
1967-03-01,17,3707
1967-03-01,17.5,1564
1967-03-01,18,1243
1967-03-01,18.5,516
1967-03-01,19,577
1967-03-01,19.5,822
1967-03-01,20,659
1967-03-01,20.5,435
1967-03-01,21,411
1967-03-01,21.5,347
1967-03-01,22,127
1967-03-01,22.5,3
1967-03-01,23,2
1967-04-01,0,1
1967-04-01,0.5,3
1967-04-01,8.5,12
1967-04-01,9,243
1967-04-01,9.5,495
1967-04-01,10,1099
1967-04-01,10.5,1767
1967-04-01,11,2197
1967-04-01,11.5,2986
1967-04-01,12,602
1967-04-01,12.5,395
1967-04-01,13,204
1967-04-01,13.5,262
1967-04-01,14,1368
1967-04-01,14.5,1016
1967-04-01,15,2145
1967-04-01,15.5,1724
1967-04-01,16,1465
1967-04-01,16.5,1530
1967-04-01,17,5374
1967-04-01,17.5,2217
1967-04-01,18,1509
1967-04-01,18.5,987
1967-04-01,19,945
1967-04-01,19.5,905
1967-04-01,20,637
1967-04-01,20.5,576
1967-04-01,21,602
1967-04-01,21.5,497
1967-04-01,22,156
1967-04-01,22.5,1
1967-05-01,0.5,2
1967-05-01,1,3
1967-05-01,8,5
1967-05-01,8.5,10
1967-05-01,9,184
1967-05-01,9.5,498
1967-05-01,10,961
1967-05-01,10.5,1913
1967-05-01,11,2574
1967-05-01,11.5,2142
1967-05-01,12,567
1967-05-01,12.5,307
1967-05-01,13,245
1967-05-01,13.5,658
1967-05-01,14,1174
1967-05-01,14.5,1080
1967-05-01,15,1924
1967-05-01,15.5,1968
1967-05-01,16,2207
1967-05-01,16.5,2571
1967-05-01,17,3980
1967-05-01,17.5,2487
1967-05-01,18,2076
1967-05-01,18.5,1077
1967-05-01,19,1221
1967-05-01,19.5,1519
1967-05-01,20,660
1967-05-01,20.5,576
1967-05-01,21,1147
1967-05-01,21.5,649
1967-05-01,22,122
1967-05-01,22.5,1
1967-05-01,23,1
1967-06-01,8.5,10
1967-06-01,9,207
1967-06-01,9.5,909
1967-06-01,10,1775
1967-06-01,10.5,3304
1967-06-01,11,4963
1967-06-01,11.5,2973
1967-06-01,12,899
1967-06-01,12.5,451
1967-06-01,13,739
1967-06-01,13.5,1531
1967-06-01,14,2078
1967-06-01,14.5,2568
1967-06-01,15,3425
1967-06-01,15.5,4149
1967-06-01,16,4215
1967-06-01,16.5,7262
1967-06-01,17,11172
1967-06-01,17.5,4002
1967-06-01,18,4284
1967-06-01,18.5,2297
1967-06-01,19,3092
1967-06-01,19.5,3060
1967-06-01,20,1881
1967-06-01,20.5,936
1967-06-01,21,1672
1967-06-01,21.5,1217
1967-06-01,22,256
1967-06-01,22.5,4
1967-06-01,23,1
1967-07-01,8,3
1967-07-01,8.5,21
1967-07-01,9,71
1967-07-01,9.5,329
1967-07-01,10,942
1967-07-01,10.5,1718
1967-07-01,11,1952
1967-07-01,11.5,1883
1967-07-01,12,502
1967-07-01,12.5,366
1967-07-01,13,314
1967-07-01,13.5,585
1967-07-01,14,914
1967-07-01,14.5,1207
1967-07-01,15,1268
1967-07-01,15.5,1868
1967-07-01,16,2268
1967-07-01,16.5,2585
1967-07-01,17,4642
1967-07-01,17.5,2731
1967-07-01,18,3134
1967-07-01,18.5,1381
1967-07-01,19,1578
1967-07-01,19.5,1949
1967-07-01,20,1140
1967-07-01,20.5,657
1967-07-01,21,1024
1967-07-01,21.5,1106
1967-07-01,22,173
1967-08-01,0.5,1
1967-08-01,8,5
1967-08-01,8.5,27
1967-08-01,9,105
1967-08-01,9.5,379
1967-08-01,10,957
1967-08-01,10.5,1926
1967-08-01,11,2389
1967-08-01,11.5,1526
1967-08-01,12,474
1967-08-01,12.5,277
1967-08-01,13,320
1967-08-01,13.5,842
1967-08-01,14,928
1967-08-01,14.5,1392
1967-08-01,15,1416
1967-08-01,15.5,1666
1967-08-01,16,2522
1967-08-01,16.5,2853
1967-08-01,17,6581
1967-08-01,17.5,2869
1967-08-01,18,2382
1967-08-01,18.5,1021
1967-08-01,19,640
1967-08-01,19.5,1377
1967-08-01,20,1046
1967-08-01,20.5,1233
1967-08-01,21,1955
1967-08-01,21.5,1061
1967-08-01,22,163
1967-08-01,22.5,2
1967-08-01,23,3
1967-09-01,8.5,27
1967-09-01,9,88
1967-09-01,9.5,316
1967-09-01,10,980
1967-09-01,10.5,1696
1967-09-01,11,2501
1967-09-01,11.5,1909
1967-09-01,12,561
1967-09-01,12.5,269
1967-09-01,13,338
1967-09-01,13.5,437
1967-09-01,14,778
1967-09-01,14.5,985
1967-09-01,15,1410
1967-09-01,15.5,2198
1967-09-01,16,3314
1967-09-01,16.5,2392
1967-09-01,17,5447
1967-09-01,17.5,3731
1967-09-01,18,2612
1967-09-01,18.5,1208
1967-09-01,19,1413
1967-09-01,19.5,1573
1967-09-01,20,1185
1967-09-01,20.5,956
1967-09-01,21,1977
1967-09-01,21.5,803
1967-09-01,22,171
1967-09-01,22.5,8
1967-10-01,7.5,4
1967-10-01,8,6
1967-10-01,8.5,70
1967-10-01,9,236
1967-10-01,9.5,487
1967-10-01,10,2364
1967-10-01,10.5,2888
1967-10-01,11,4525
1967-10-01,11.5,3792
1967-10-01,12,1350
1967-10-01,12.5,575
1967-10-01,13,1898
1967-10-01,13.5,1110
1967-10-01,14,1787
1967-10-01,14.5,1710
1967-10-01,15,2615
1967-10-01,15.5,4410
1967-10-01,16,5209
1967-10-01,16.5,3111
1967-10-01,17,9380
1967-10-01,17.5,4591
1967-10-01,18,2928
1967-10-01,18.5,1539
1967-10-01,19,1105
1967-10-01,19.5,1547
1967-10-01,20,1220
1967-10-01,20.5,528
1967-10-01,21,2017
1967-10-01,21.5,886
1967-10-01,22,160
1967-10-01,22.5,15
1967-11-01,8.5,22
1967-11-01,9,170
1967-11-01,9.5,530
1967-11-01,10,1070
1967-11-01,10.5,1887
1967-11-01,11,2601
1967-11-01,11.5,2715
1967-11-01,12,907
1967-11-01,12.5,447
1967-11-01,13,523
1967-11-01,13.5,526
1967-11-01,14,1153
1967-11-01,14.5,1017
1967-11-01,15,664
1967-11-01,15.5,1522
1967-11-01,16,2129
1967-11-01,16.5,2011
1967-11-01,17,5564
1967-11-01,17.5,2148
1967-11-01,18,1213
1967-11-01,18.5,540
1967-11-01,19,667
1967-11-01,19.5,1089
1967-11-01,20,1355
1967-11-01,20.5,922
1967-11-01,21,2679
1967-11-01,21.5,791
1967-11-01,22,143
1967-11-01,22.5,11
1967-12-01,10.5,2
1967-12-01,11,12
1967-12-01,11.5,4
1967-12-01,12,18
1967-12-01,12.5,10
1967-12-01,13,6
1967-12-01,14.5,80
1967-12-01,15,9
1967-12-01,15.5,10
1967-12-01,16,2
1967-12-01,16.5,5
1967-12-01,17,52
1967-12-01,17.5,2
1967-12-01,18,2
1968-01-01,8,2
1968-01-01,8.5,119
1968-01-01,9,240
1968-01-01,9.5,457
1968-01-01,10,1236
1968-01-01,10.5,2089
1968-01-01,11,2717
1968-01-01,11.5,2820
1968-01-01,12,1717
1968-01-01,12.5,430
1968-01-01,13,385
1968-01-01,13.5,661
1968-01-01,14,1219
1968-01-01,14.5,1850
1968-01-01,15,791
1968-01-01,15.5,641
1968-01-01,16,1836
1968-01-01,16.5,1326
1968-01-01,17,3626
1968-01-01,17.5,1740
1968-01-01,18,1351
1968-01-01,18.5,535
1968-01-01,19,672
1968-01-01,19.5,750
1968-01-01,20,722
1968-01-01,20.5,728
1968-01-01,21,838
1968-01-01,21.5,254
1968-01-01,22,52
1968-01-01,22.5,1
1968-02-01,1,1
1968-02-01,8.5,9
1968-02-01,9,106
1968-02-01,9.5,492
1968-02-01,10,1414
1968-02-01,10.5,2167
1968-02-01,11,3132
1968-02-01,11.5,2981
1968-02-01,12,1016
1968-02-01,12.5,694
1968-02-01,13,316
1968-02-01,13.5,450
1968-02-01,14,1661
1968-02-01,14.5,1379
1968-02-01,15,566
1968-02-01,15.5,1106
1968-02-01,16,2502
1968-02-01,16.5,3887
1968-02-01,17,4194
1968-02-01,17.5,1903
1968-02-01,18,1572
1968-02-01,18.5,583
1968-02-01,19,833
1968-02-01,19.5,1293
1968-02-01,20,1058
1968-02-01,20.5,725
1968-02-01,21,987
1968-02-01,21.5,319
1968-02-01,22,122
1968-02-01,23,4
1968-03-01,8.5,14
1968-03-01,9,147
1968-03-01,9.5,435
1968-03-01,10,2378
1968-03-01,10.5,1987
1968-03-01,11,5586
1968-03-01,11.5,1819
1968-03-01,12,768
1968-03-01,12.5,658
1968-03-01,13,362
1968-03-01,13.5,372
1968-03-01,14,1440
1968-03-01,14.5,1477
1968-03-01,15,400
1968-03-01,15.5,635
1968-03-01,16,3257
1968-03-01,16.5,7231
1968-03-01,17,4248
1968-03-01,17.5,1269
1968-03-01,18,1000
1968-03-01,18.5,256
1968-03-01,19,353
1968-03-01,19.5,413
1968-03-01,20,367
1968-03-01,20.5,472
1968-03-01,21,414
1968-03-01,21.5,151
1968-03-01,22,31
1968-04-01,8.5,9
1968-04-01,9,170
1968-04-01,9.5,424
1968-04-01,10,1554
1968-04-01,10.5,2594
1968-04-01,11,4368
1968-04-01,11.5,1758
1968-04-01,12,946
1968-04-01,12.5,541
1968-04-01,13,541
1968-04-01,13.5,486
1968-04-01,14,1279
1968-04-01,14.5,1538
1968-04-01,15,433
1968-04-01,15.5,806
1968-04-01,16,2198
1968-04-01,16.5,8994
1968-04-01,17,4676
1968-04-01,17.5,1597
1968-04-01,18,1568
1968-04-01,18.5,249
1968-04-01,19,443
1968-04-01,19.5,752
1968-04-01,20,612
1968-04-01,20.5,662
1968-04-01,21,671
1968-04-01,21.5,148
1968-04-01,22,26
1968-05-01,8,16
1968-05-01,8.5,26
1968-05-01,9,304
1968-05-01,9.5,348
1968-05-01,10,1146
1968-05-01,10.5,1871
1968-05-01,11,2891
1968-05-01,11.5,1806
1968-05-01,12,1031
1968-05-01,12.5,430
1968-05-01,13,438
1968-05-01,13.5,502
1968-05-01,14,1236
1968-05-01,14.5,1423
1968-05-01,15,281
1968-05-01,15.5,691
1968-05-01,16,2242
1968-05-01,16.5,4696
1968-05-01,17,3502
1968-05-01,17.5,2089
1968-05-01,18,2444
1968-05-01,18.5,1746
1968-05-01,19,934
1968-05-01,19.5,87
1968-05-01,20,61
1968-05-01,20.5,5
1968-06-01,8,8
1968-06-01,8.5,54
1968-06-01,9,316
1968-06-01,9.5,807
1968-06-01,10,2848
1968-06-01,10.5,4410
1968-06-01,11,8268
1968-06-01,11.5,3255
1968-06-01,12,2014
1968-06-01,12.5,1013
1968-06-01,13,806
1968-06-01,13.5,648
1968-06-01,14,1497
1968-06-01,14.5,3406
1968-06-01,15,550
1968-06-01,15.5,2384
1968-06-01,16,6667
1968-06-01,16.5,8589
1968-06-01,17,6591
1968-06-01,17.5,5330
1968-06-01,18,6579
1968-06-01,18.5,6733
1968-06-01,19,4096
1968-06-01,19.5,33
1968-06-01,20,5
1968-07-01,8,1
1968-07-01,8.5,50
1968-07-01,9,649
1968-07-01,9.5,862
1968-07-01,10,2935
1968-07-01,10.5,5499
1968-07-01,11,8189
1968-07-01,11.5,4605
1968-07-01,12,2657
1968-07-01,12.5,801
1968-07-01,13,1236
1968-07-01,13.5,924
1968-07-01,14,2151
1968-07-01,14.5,2691
1968-07-01,15,1364
1968-07-01,15.5,2148
1968-07-01,16,6232
1968-07-01,16.5,10053
1968-07-01,17,7865
1968-07-01,17.5,7463
1968-07-01,18,6971
1968-07-01,18.5,9513
1968-07-01,19,4900
1968-07-01,19.5,31
1968-07-01,20,2
1968-08-01,8,3
1968-08-01,8.5,11
1968-08-01,9,358
1968-08-01,9.5,476
1968-08-01,10,1228
1968-08-01,10.5,2650
1968-08-01,11,2996
1968-08-01,11.5,2199
1968-08-01,12,1259
1968-08-01,12.5,356
1968-08-01,13,375
1968-08-01,13.5,263
1968-08-01,14,587
1968-08-01,14.5,375
1968-08-01,15,480
1968-08-01,15.5,1026
1968-08-01,16,2152
1968-08-01,16.5,2782
1968-08-01,17,5739
1968-08-01,17.5,4201
1968-08-01,18,2764
1968-08-01,18.5,5153
1968-08-01,19,2543
1968-08-01,19.5,17
1968-08-01,20,3
1968-08-01,20.5,1
1968-09-01,8,4
1968-09-01,8.5,45
1968-09-01,9,496
1968-09-01,9.5,713
1968-09-01,10,1806
1968-09-01,10.5,3703
1968-09-01,11,3584
1968-09-01,11.5,2764
1968-09-01,12,1069
1968-09-01,12.5,1193
1968-09-01,13,658
1968-09-01,13.5,265
1968-09-01,14,753
1968-09-01,14.5,467
1968-09-01,15,1208
1968-09-01,15.5,1589
1968-09-01,16,4194
1968-09-01,16.5,3285
1968-09-01,17,5712
1968-09-01,17.5,5685
1968-09-01,18,4161
1968-09-01,18.5,6444
1968-09-01,19,2039
1968-09-01,19.5,50
1968-09-01,20,3
1968-09-01,20.5,7
1968-09-01,21,1
1968-10-01,8,3
1968-10-01,8.5,148
1968-10-01,9,649
1968-10-01,9.5,852
1968-10-01,10,3457
1968-10-01,10.5,7143
1968-10-01,11,7159
1968-10-01,11.5,5343
1968-10-01,12,1976
1968-10-01,12.5,1775
1968-10-01,13,748
1968-10-01,13.5,322
1968-10-01,14,1793
1968-10-01,14.5,1024
1968-10-01,15,2716
1968-10-01,15.5,1830
1968-10-01,16,7476
1968-10-01,16.5,4056
1968-10-01,17,8977
1968-10-01,17.5,7744
1968-10-01,18,7361
1968-10-01,18.5,9416
1968-10-01,19,2977
1968-10-01,19.5,36
1968-10-01,20,20
1968-10-01,20.5,22
1968-10-01,21,1
1968-11-01,8,6
1968-11-01,8.5,39
1968-11-01,9,495
1968-11-01,9.5,641
1968-11-01,10,1851
1968-11-01,10.5,3488
1968-11-01,11,3456
1968-11-01,11.5,2780
1968-11-01,12,969
1968-11-01,12.5,495
1968-11-01,13,309
1968-11-01,13.5,268
1968-11-01,14,674
1968-11-01,14.5,570
1968-11-01,15,870
1968-11-01,15.5,724
1968-11-01,16,3480
1968-11-01,16.5,2201
1968-11-01,17,4087
1968-11-01,17.5,5488
1968-11-01,18,6076
1968-11-01,18.5,6076
1968-11-01,19,1913
1968-11-01,19.5,42
1968-11-01,20,13
1968-11-01,20.5,12
1968-12-01,8,2
1968-12-01,8.5,52
1968-12-01,9,450
1968-12-01,9.5,666
1968-12-01,10,2236
1968-12-01,10.5,3254
1968-12-01,11,3070
1968-12-01,11.5,3163
1968-12-01,12,1157
1968-12-01,12.5,299
1968-12-01,13,146
1968-12-01,13.5,363
1968-12-01,14,647
1968-12-01,14.5,987
1968-12-01,15,756
1968-12-01,15.5,804
1968-12-01,16,2892
1968-12-01,16.5,2329
1968-12-01,17,1235
1968-12-01,17.5,285
1968-12-01,18,281
1968-12-01,18.5,280
1968-12-01,19,168
1968-12-01,19.5,8
1968-12-01,20,10
1968-12-01,20.5,6
1969-01-01,8,1
1969-01-01,8.5,70
1969-01-01,9,258
1969-01-01,9.5,411
1969-01-01,10,1838
1969-01-01,10.5,3232
1969-01-01,11,3641
1969-01-01,11.5,3055
1969-01-01,12,1641
1969-01-01,12.5,272
1969-01-01,13,165
1969-01-01,13.5,235
1969-01-01,14,943
1969-01-01,14.5,755
1969-01-01,15,831
1969-01-01,15.5,1295
1969-01-01,16,2975
1969-01-01,16.5,2431
1969-01-01,17,1375
1969-01-01,17.5,181
1969-01-01,18,392
1969-01-01,18.5,306
1969-01-01,19,36
1969-01-01,19.5,19
1969-01-01,20,8
1969-01-01,20.5,4
1969-01-01,21,1
1969-02-01,8.5,36
1969-02-01,9,254
1969-02-01,9.5,412
1969-02-01,10,1860
1969-02-01,10.5,2850
1969-02-01,11,3586
1969-02-01,11.5,3510
1969-02-01,12,1239
1969-02-01,12.5,278
1969-02-01,13,292
1969-02-01,13.5,228
1969-02-01,14,1135
1969-02-01,14.5,950
1969-02-01,15,1093
1969-02-01,15.5,1061
1969-02-01,16,3006
1969-02-01,16.5,2357
1969-02-01,17,858
1969-02-01,17.5,114
1969-02-01,18,110
1969-02-01,18.5,67
1969-02-01,19,37
1969-02-01,19.5,5
1969-02-01,20,11
1969-03-01,8,4
1969-03-01,8.5,15
1969-03-01,9,122
1969-03-01,9.5,295
1969-03-01,10,1311
1969-03-01,10.5,2140
1969-03-01,11,3951
1969-03-01,11.5,2951
1969-03-01,12,1087
1969-03-01,12.5,346
1969-03-01,13,233
1969-03-01,13.5,272
1969-03-01,14,1192
1969-03-01,14.5,1024
1969-03-01,15,1028
1969-03-01,15.5,942
1969-03-01,16,2565
1969-03-01,16.5,1562
1969-03-01,17,684
1969-03-01,17.5,124
1969-03-01,18,161
1969-03-01,18.5,65
1969-03-01,19,10
1969-03-01,19.5,11
1969-03-01,20,13
1969-03-01,20.5,2
1969-03-01,21.5,1
1969-04-01,8.5,4
1969-04-01,9,51
1969-04-01,9.5,147
1969-04-01,10,434
1969-04-01,10.5,671
1969-04-01,11,937
1969-04-01,11.5,1033
1969-04-01,12,278
1969-04-01,12.5,75
1969-04-01,13,68
1969-04-01,13.5,49
1969-04-01,14,308
1969-04-01,14.5,474
1969-04-01,15,305
1969-04-01,15.5,284
1969-04-01,16,797
1969-04-01,16.5,252
1969-04-01,17,550
1969-04-01,17.5,72
1969-04-01,18,110
1969-04-01,18.5,36
1969-04-01,19,4
1969-04-01,19.5,1
1969-04-01,20,4
1969-04-01,20.5,2
1969-05-01,8.5,19
1969-05-01,9,114
1969-05-01,9.5,664
1969-05-01,10,1158
1969-05-01,10.5,1944
1969-05-01,11,2631
1969-05-01,11.5,2507
1969-05-01,12,878
1969-05-01,12.5,275
1969-05-01,13,148
1969-05-01,13.5,186
1969-05-01,14,598
1969-05-01,14.5,1041
1969-05-01,15,1042
1969-05-01,15.5,1330
1969-05-01,16,2103
1969-05-01,16.5,1388
1969-05-01,17,1331
1969-05-01,17.5,295
1969-05-01,18,265
1969-05-01,18.5,79
1969-05-01,19,16
1969-05-01,19.5,14
1969-05-01,20,10
1969-05-01,20.5,3
1969-06-01,8,3
1969-06-01,8.5,17
1969-06-01,9,188
1969-06-01,9.5,575
1969-06-01,10,1102
1969-06-01,10.5,2270
1969-06-01,11,2873
1969-06-01,11.5,3110
1969-06-01,12,998
1969-06-01,12.5,406
1969-06-01,13,236
1969-06-01,13.5,340
1969-06-01,14,867
1969-06-01,14.5,1661
1969-06-01,15,1452
1969-06-01,15.5,2378
1969-06-01,16,2791
1969-06-01,16.5,1760
1969-06-01,17,1607
1969-06-01,17.5,393
1969-06-01,18,296
1969-06-01,18.5,190
1969-06-01,19,10
1969-06-01,19.5,5
1969-06-01,20,20
1969-06-01,20.5,4
1969-06-01,21,1
1969-07-01,8.5,15
1969-07-01,9,446
1969-07-01,9.5,1365
1969-07-01,10,2310
1969-07-01,10.5,4070
1969-07-01,11,4998
1969-07-01,11.5,6098
1969-07-01,12,1740
1969-07-01,12.5,653
1969-07-01,13,465
1969-07-01,13.5,476
1969-07-01,14,1904
1969-07-01,14.5,3946
1969-07-01,15,2918
1969-07-01,15.5,4009
1969-07-01,16,5128
1969-07-01,16.5,3582
1969-07-01,17,3520
1969-07-01,17.5,570
1969-07-01,18,350
1969-07-01,18.5,171
1969-07-01,19,16
1969-07-01,19.5,10
1969-07-01,20,21
1969-07-01,20.5,9
1969-08-01,8.5,10
1969-08-01,9,163
1969-08-01,9.5,774
1969-08-01,10,982
1969-08-01,10.5,2354
1969-08-01,11,2442
1969-08-01,11.5,3333
1969-08-01,12,1272
1969-08-01,12.5,473
1969-08-01,13,385
1969-08-01,13.5,332
1969-08-01,14,1380
1969-08-01,14.5,697
1969-08-01,15,1742
1969-08-01,15.5,1935
1969-08-01,16,2858
1969-08-01,16.5,1389
1969-08-01,17,1581
1969-08-01,17.5,294
1969-08-01,18,261
1969-08-01,18.5,152
1969-08-01,19,16
1969-08-01,19.5,15
1969-08-01,20,26
1969-08-01,20.5,10
1969-09-01,8.5,18
1969-09-01,9,177
1969-09-01,9.5,881
1969-09-01,10,1000
1969-09-01,10.5,2041
1969-09-01,11,2866
1969-09-01,11.5,3977
1969-09-01,12,2422
1969-09-01,12.5,536
1969-09-01,13,367
1969-09-01,13.5,276
1969-09-01,14,1457
1969-09-01,14.5,687
1969-09-01,15,1627
1969-09-01,15.5,2053
1969-09-01,16,2338
1969-09-01,16.5,1177
1969-09-01,17,2041
1969-09-01,17.5,362
1969-09-01,18,361
1969-09-01,18.5,152
1969-09-01,19,13
1969-09-01,19.5,8
1969-09-01,20,20
1969-09-01,20.5,2
1969-10-01,9,126
1969-10-01,9.5,923
1969-10-01,10,778
1969-10-01,10.5,1587
1969-10-01,11,2272
1969-10-01,11.5,2351
1969-10-01,12,1485
1969-10-01,12.5,251
1969-10-01,13,313
1969-10-01,13.5,186
1969-10-01,14,829
1969-10-01,14.5,716
1969-10-01,15,990
1969-10-01,15.5,1385
1969-10-01,16,1464
1969-10-01,16.5,895
1969-10-01,17,1389
1969-10-01,17.5,123
1969-10-01,18,248
1969-10-01,18.5,113
1969-10-01,19,7
1969-10-01,19.5,4
1969-10-01,20,4
1969-10-01,20.5,1
1969-11-01,8.5,9
1969-11-01,9,324
1969-11-01,9.5,804
1969-11-01,10,874
1969-11-01,10.5,1397
1969-11-01,11,2210
1969-11-01,11.5,2380
1969-11-01,12,1757
1969-11-01,12.5,316
1969-11-01,13,213
1969-11-01,13.5,176
1969-11-01,14,1071
1969-11-01,14.5,596
1969-11-01,15,585
1969-11-01,15.5,852
1969-11-01,16,1118
1969-11-01,16.5,611
1969-11-01,17,954
1969-11-01,17.5,220
1969-11-01,18,154
1969-11-01,18.5,76
1969-11-01,19,6
1969-11-01,19.5,1
1969-11-01,20,2
1969-11-01,20.5,1
1969-12-01,8.5,5
1969-12-01,9,240
1969-12-01,9.5,506
1969-12-01,10,687
1969-12-01,10.5,1313
1969-12-01,11,1717
1969-12-01,11.5,2733
1969-12-01,12,2290
1969-12-01,12.5,1835
1969-12-01,13,114
1969-12-01,13.5,173
1969-12-01,14,587
1969-12-01,14.5,490
1969-12-01,15,578
1969-12-01,15.5,958
1969-12-01,16,1124
1969-12-01,16.5,532
1969-12-01,17,673
1969-12-01,17.5,77
1969-12-01,18,114
1969-12-01,18.5,33
1969-12-01,19,22
1969-12-01,19.5,8
1969-12-01,20,5
1969-12-01,20.5,7
1970-01-01,8,3
1970-01-01,8.5,2
1970-01-01,9,230
1970-01-01,9.5,1211
1970-01-01,10,1414
1970-01-01,10.5,3023
1970-01-01,11,4795
1970-01-01,11.5,6041
1970-01-01,12,4290
1970-01-01,12.5,1243
1970-01-01,13,363
1970-01-01,13.5,524
1970-01-01,14,2098
1970-01-01,14.5,1674
1970-01-01,15,1390
1970-01-01,15.5,1714
1970-01-01,16,1987
1970-01-01,16.5,1471
1970-01-01,17,1106
1970-01-01,17.5,276
1970-01-01,18,203
1970-01-01,18.5,66
1970-01-01,19,23
1970-01-01,19.5,18
1970-01-01,20,15
1970-01-01,20.5,7
1970-01-01,21,1
1970-02-01,8,4
1970-02-01,8.5,1
1970-02-01,9,175
1970-02-01,9.5,518
1970-02-01,10,1075
1970-02-01,10.5,1792
1970-02-01,11,2745
1970-02-01,11.5,2949
1970-02-01,12,2273
1970-02-01,12.5,517
1970-02-01,13,249
1970-02-01,13.5,209
1970-02-01,14,892
1970-02-01,14.5,1326
1970-02-01,15,936
1970-02-01,15.5,1081
1970-02-01,16,1029
1970-02-01,16.5,1080
1970-02-01,17,680
1970-02-01,17.5,244
1970-02-01,18,152
1970-02-01,18.5,66
1970-02-01,19,30
1970-02-01,19.5,27
1970-02-01,20,8
1970-02-01,20.5,3
1970-02-01,21,1
1970-03-01,8,6
1970-03-01,9,250
1970-03-01,9.5,1188
1970-03-01,10,1698
1970-03-01,10.5,3039
1970-03-01,11,3228
1970-03-01,11.5,4091
1970-03-01,12,2845
1970-03-01,12.5,623
1970-03-01,13,507
1970-03-01,13.5,409
1970-03-01,14,1540
1970-03-01,14.5,1204
1970-03-01,15,1079
1970-03-01,15.5,1402
1970-03-01,16,1397
1970-03-01,16.5,1931
1970-03-01,17,771
1970-03-01,17.5,235
1970-03-01,18,145
1970-03-01,18.5,60
1970-03-01,19,20
1970-03-01,19.5,79
1970-03-01,20,15
1970-03-01,20.5,4
1970-03-01,21,1
1970-04-01,8.5,14
1970-04-01,9,154
1970-04-01,9.5,590
1970-04-01,10,1458
1970-04-01,10.5,2642
1970-04-01,11,2599
1970-04-01,11.5,2770
1970-04-01,12,1681
1970-04-01,12.5,161
1970-04-01,13,283
1970-04-01,13.5,138
1970-04-01,14,434
1970-04-01,14.5,789
1970-04-01,15,3781
1970-04-01,15.5,1063
1970-04-01,16,1164
1970-04-01,16.5,1292
1970-04-01,17,843
1970-04-01,17.5,148
1970-04-01,18,136
1970-04-01,18.5,52
1970-04-01,19,37
1970-04-01,19.5,16
1970-04-01,20,14
1970-04-01,20.5,16
1970-04-01,21,4
1970-05-01,8.5,5
1970-05-01,9,175
1970-05-01,9.5,457
1970-05-01,10,1342
1970-05-01,10.5,1661
1970-05-01,11,2220
1970-05-01,11.5,2327
1970-05-01,12,2091
1970-05-01,12.5,295
1970-05-01,13,376
1970-05-01,13.5,209
1970-05-01,14,1137
1970-05-01,14.5,528
1970-05-01,15,1125
1970-05-01,15.5,1440
1970-05-01,16,1252
1970-05-01,16.5,1620
1970-05-01,17,1022
1970-05-01,17.5,152
1970-05-01,18,164
1970-05-01,18.5,54
1970-05-01,19,66
1970-05-01,19.5,21
1970-05-01,20,25
1970-05-01,20.5,15
1970-05-01,21,2
1970-05-01,23.5,1
1970-06-01,8.5,6
1970-06-01,9,347
1970-06-01,9.5,598
1970-06-01,10,1266
1970-06-01,10.5,1832
1970-06-01,11,1732
1970-06-01,11.5,1352
1970-06-01,12,1059
1970-06-01,12.5,228
1970-06-01,13,361
1970-06-01,13.5,239
1970-06-01,14,799
1970-06-01,14.5,683
1970-06-01,15,562
1970-06-01,15.5,1095
1970-06-01,16,1094
1970-06-01,16.5,1302
1970-06-01,17,1011
1970-06-01,17.5,121
1970-06-01,18,123
1970-06-01,18.5,104
1970-06-01,19,66
1970-06-01,19.5,22
1970-06-01,20,33
1970-06-01,20.5,11
1970-06-01,21,11
1970-07-01,8.5,3
1970-07-01,9,245
1970-07-01,9.5,779
1970-07-01,10,1187
1970-07-01,10.5,1420
1970-07-01,11,1797
1970-07-01,11.5,1754
1970-07-01,12,1315
1970-07-01,12.5,371
1970-07-01,13,417
1970-07-01,13.5,332
1970-07-01,14,850
1970-07-01,14.5,857
1970-07-01,15,624
1970-07-01,15.5,1893
1970-07-01,16,1427
1970-07-01,16.5,2246
1970-07-01,17,1211
1970-07-01,17.5,144
1970-07-01,18,103
1970-07-01,18.5,61
1970-07-01,19,28
1970-07-01,19.5,13
1970-07-01,20,18
1970-07-01,20.5,21
1970-07-01,21,4
1970-08-01,8.5,11
1970-08-01,9,174
1970-08-01,9.5,762
1970-08-01,10,758
1970-08-01,10.5,1229
1970-08-01,11,1932
1970-08-01,11.5,1696
1970-08-01,12,728
1970-08-01,12.5,348
1970-08-01,13,351
1970-08-01,13.5,160
1970-08-01,14,785
1970-08-01,14.5,608
1970-08-01,15,670
1970-08-01,15.5,1166
1970-08-01,16,1207
1970-08-01,16.5,2125
1970-08-01,17,933
1970-08-01,17.5,129
1970-08-01,18,100
1970-08-01,18.5,44
1970-08-01,19,19
1970-08-01,19.5,13
1970-08-01,20,37
1970-08-01,20.5,17
1970-08-01,21,8
1970-09-01,8.5,6
1970-09-01,9,251
1970-09-01,9.5,339
1970-09-01,10,685
1970-09-01,10.5,869
1970-09-01,11,2074
1970-09-01,11.5,1917
1970-09-01,12,1074
1970-09-01,12.5,297
1970-09-01,13,259
1970-09-01,13.5,124
1970-09-01,14,516
1970-09-01,14.5,539
1970-09-01,15,789
1970-09-01,15.5,936
1970-09-01,16,1023
1970-09-01,16.5,2170
1970-09-01,17,871
1970-09-01,17.5,93
1970-09-01,18,80
1970-09-01,18.5,13
1970-09-01,19,7
1970-09-01,19.5,5
1970-09-01,20,9
1970-09-01,20.5,9
1970-09-01,21,1
1970-10-01,8,4
1970-10-01,8.5,3
1970-10-01,9,114
1970-10-01,9.5,381
1970-10-01,10,719
1970-10-01,10.5,772
1970-10-01,11,1586
1970-10-01,11.5,1553
1970-10-01,12,654
1970-10-01,12.5,186
1970-10-01,13,154
1970-10-01,13.5,117
1970-10-01,14,358
1970-10-01,14.5,317
1970-10-01,15,288
1970-10-01,15.5,493
1970-10-01,16,626
1970-10-01,16.5,630
1970-10-01,17,360
1970-10-01,17.5,111
1970-10-01,18,81
1970-10-01,21,4
1970-11-01,8.5,20
1970-11-01,9,212
1970-11-01,9.5,197
1970-11-01,10,561
1970-11-01,10.5,787
1970-11-01,11,946
1970-11-01,11.5,1521
1970-11-01,12,706
1970-11-01,12.5,210
1970-11-01,13,84
1970-11-01,13.5,117
1970-11-01,14,302
1970-11-01,14.5,152
1970-11-01,15,391
1970-11-01,15.5,581
1970-11-01,16,542
1970-11-01,16.5,713
1970-11-01,17,205
1970-11-01,17.5,278
1970-11-01,18,94
1970-11-01,18.5,3
1970-11-01,19.5,2
1970-12-01,8.5,3
1970-12-01,9,161
1970-12-01,9.5,938
1970-12-01,10,523
1970-12-01,10.5,640
1970-12-01,11,695
1970-12-01,11.5,1327
1970-12-01,12,819
1970-12-01,12.5,114
1970-12-01,13,125
1970-12-01,13.5,80
1970-12-01,14,226
1970-12-01,14.5,198
1970-12-01,15,377
1970-12-01,15.5,457
1970-12-01,16,594
1970-12-01,16.5,1160
1970-12-01,17,427
1970-12-01,17.5,97
1970-12-01,18,33
1970-12-01,19,2
1970-12-01,19.5,2
1970-12-01,20,1
1971-01-01,9,59
1971-01-01,9.5,748
1971-01-01,10,592
1971-01-01,10.5,223
1971-01-01,11,290
1971-01-01,11.5,621
1971-01-01,12,209
1971-01-01,12.5,82
1971-01-01,13,72
1971-01-01,13.5,52
1971-01-01,14,352
1971-01-01,14.5,169
1971-01-01,15,318
1971-01-01,15.5,392
1971-01-01,16,463
1971-01-01,16.5,635
1971-01-01,17,295
1971-01-01,17.5,10
1971-01-01,18,4
1971-01-01,19,3
1971-01-01,19.5,6
1971-01-01,20,2
1971-01-01,20.5,2
1971-02-01,9,119
1971-02-01,9.5,437
1971-02-01,10,531
1971-02-01,10.5,218
1971-02-01,11,200
1971-02-01,11.5,263
1971-02-01,12,254
1971-02-01,12.5,73
1971-02-01,13,64
1971-02-01,13.5,69
1971-02-01,14,253
1971-02-01,14.5,333
1971-02-01,15,266
1971-02-01,15.5,412
1971-02-01,16,739
1971-02-01,16.5,1365
1971-02-01,17,635
1971-02-01,17.5,118
1971-02-01,18.5,2
1971-02-01,19.5,16
1971-02-01,20,3
1971-03-01,8.5,9
1971-03-01,9,95
1971-03-01,9.5,402
1971-03-01,10,496
1971-03-01,10.5,303
1971-03-01,11,234
1971-03-01,11.5,169
1971-03-01,12,168
1971-03-01,12.5,116
1971-03-01,13,58
1971-03-01,13.5,299
1971-03-01,14,129
1971-03-01,14.5,645
1971-03-01,15,352
1971-03-01,15.5,670
1971-03-01,16,780
1971-03-01,16.5,6096
1971-03-01,17,1368
1971-03-01,17.5,227
1971-03-01,18,2
1971-04-01,8,2
1971-04-01,8.5,3
1971-04-01,9,163
1971-04-01,9.5,358
1971-04-01,10,544
1971-04-01,10.5,314
1971-04-01,11,209
1971-04-01,11.5,56
1971-04-01,12,85
1971-04-01,12.5,13
1971-04-01,13,117
1971-04-01,13.5,429
1971-04-01,14,417
1971-04-01,14.5,1354
1971-04-01,15,354
1971-04-01,15.5,413
1971-04-01,16,994
1971-04-01,16.5,2722
1971-04-01,17,656
1971-04-01,17.5,23
1971-04-01,18,4
1971-04-01,18.5,2
1971-04-01,19,8
1971-04-01,19.5,17
1971-05-01,8,2
1971-05-01,9,94
1971-05-01,9.5,242
1971-05-01,10,583
1971-05-01,10.5,445
1971-05-01,11,270
1971-05-01,11.5,146
1971-05-01,12,109
1971-05-01,12.5,39
1971-05-01,13,46
1971-05-01,13.5,327
1971-05-01,14,145
1971-05-01,14.5,301
1971-05-01,15,374
1971-05-01,15.5,254
1971-05-01,16,581
1971-05-01,16.5,1611
1971-05-01,17,523
1971-05-01,17.5,12
1971-05-01,18,10
1971-05-01,19,2
1971-05-01,19.5,15
1971-06-01,8.5,3
1971-06-01,9,74
1971-06-01,9.5,295
1971-06-01,10,485
1971-06-01,10.5,360
1971-06-01,11,218
1971-06-01,11.5,133
1971-06-01,12,125
1971-06-01,12.5,100
1971-06-01,13,84
1971-06-01,13.5,82
1971-06-01,14,201
1971-06-01,14.5,542
1971-06-01,15,206
1971-06-01,15.5,129
1971-06-01,16,565
1971-06-01,16.5,888
1971-06-01,17,957
1971-06-01,17.5,6
1971-06-01,19.5,13
1971-07-01,8.5,5
1971-07-01,9,99
1971-07-01,9.5,457
1971-07-01,10,432
1971-07-01,10.5,542
1971-07-01,11,239
1971-07-01,11.5,238
1971-07-01,12,237
1971-07-01,12.5,55
1971-07-01,13,130
1971-07-01,13.5,59
1971-07-01,14,273
1971-07-01,14.5,89
1971-07-01,15,200
1971-07-01,15.5,393
1971-07-01,16,642
1971-07-01,16.5,716
1971-07-01,17,846
1971-07-01,17.5,10
1971-07-01,19,3
1971-07-01,19.5,7
1971-07-01,20.5,7
1971-07-01,22,2
1971-08-01,8.5,14
1971-08-01,9,232
1971-08-01,9.5,199
1971-08-01,10,544
1971-08-01,10.5,586
1971-08-01,11,400
1971-08-01,11.5,369
1971-08-01,12,173
1971-08-01,12.5,54
1971-08-01,13,125
1971-08-01,13.5,26
1971-08-01,14,336
1971-08-01,14.5,204
1971-08-01,15,220
1971-08-01,15.5,347
1971-08-01,16,459
1971-08-01,16.5,1309
1971-08-01,17,1270
1971-08-01,17.5,4
1971-08-01,18,2
1971-08-01,19.5,8
1971-09-01,8.5,10
1971-09-01,9,63
1971-09-01,9.5,568
1971-09-01,10,709
1971-09-01,10.5,596
1971-09-01,11,410
1971-09-01,11.5,401
1971-09-01,12,257
1971-09-01,12.5,156
1971-09-01,13,91
1971-09-01,13.5,66
1971-09-01,14,266
1971-09-01,14.5,121
1971-09-01,15,227
1971-09-01,15.5,404
1971-09-01,16,302
1971-09-01,16.5,718
1971-09-01,17,1048
1971-09-01,17.5,139
1971-09-01,18,7
1971-09-01,19.5,9
1971-09-01,20,3
1971-09-01,20.5,3
1971-10-01,9,43
1971-10-01,9.5,338
1971-10-01,10,422
1971-10-01,10.5,508
1971-10-01,11,229
1971-10-01,11.5,1661
1971-10-01,12,357
1971-10-01,12.5,111
1971-10-01,13,64
1971-10-01,13.5,55
1971-10-01,14,313
1971-10-01,14.5,160
1971-10-01,15,103
1971-10-01,15.5,120
1971-10-01,16,194
1971-10-01,16.5,163
1971-10-01,17,211
1971-10-01,17.5,24
1971-10-01,18,7
1971-10-01,19.5,6
1971-11-01,8.5,8
1971-11-01,9,122
1971-11-01,9.5,344
1971-11-01,10,463
1971-11-01,10.5,600
1971-11-01,11,312
1971-11-01,11.5,411
1971-11-01,12,147
1971-11-01,12.5,29
1971-11-01,13,14
1971-11-01,13.5,211
1971-11-01,14,143
1971-11-01,14.5,216
1971-11-01,15,93
1971-11-01,15.5,133
1971-11-01,16,135
1971-11-01,16.5,289
1971-11-01,17,265
1971-11-01,17.5,42
1971-11-01,18.5,8
1971-11-01,19,4
1971-11-01,19.5,35
1971-12-01,8.5,8
1971-12-01,9,195
1971-12-01,9.5,350
1971-12-01,10,302
1971-12-01,10.5,664
1971-12-01,11,82
1971-12-01,11.5,170
1971-12-01,12,192
1971-12-01,12.5,10
1971-12-01,13,11
1971-12-01,13.5,85
1971-12-01,14,238
1971-12-01,14.5,373
1971-12-01,15,28
1971-12-01,15.5,84
1971-12-01,16,158
1971-12-01,16.5,257
1971-12-01,17,284
1971-12-01,17.5,525
1971-12-01,18,82
1971-12-01,18.5,12
1971-12-01,19,41
1971-12-01,19.5,42
1971-12-01,20,13
1971-12-01,20.5,7
1971-12-01,21,2
1972-01-01,8,6
1972-01-01,8.5,3
1972-01-01,9,227
1972-01-01,9.5,535
1972-01-01,10,297
1972-01-01,10.5,641
1972-01-01,11,504
1972-01-01,11.5,455
1972-01-01,12,176
1972-01-01,12.5,11
1972-01-01,13,46
1972-01-01,13.5,146
1972-01-01,14,277
1972-01-01,14.5,410
1972-01-01,15,115
1972-01-01,15.5,169
1972-01-01,16,181
1972-01-01,16.5,403
1972-01-01,17,207
1972-01-01,17.5,53
1972-01-01,18,4
1972-01-01,19,32
1972-01-01,19.5,59
1972-01-01,20,2
1972-01-01,20.5,2
1972-01-01,21,2
1972-02-01,8.5,2
1972-02-01,9,87
1972-02-01,9.5,554
1972-02-01,10,337
1972-02-01,10.5,475
1972-02-01,11,394
1972-02-01,11.5,464
1972-02-01,12,112
1972-02-01,12.5,31
1972-02-01,13,33
1972-02-01,13.5,107
1972-02-01,14,518
1972-02-01,14.5,781
1972-02-01,15,212
1972-02-01,15.5,297
1972-02-01,16,680
1972-02-01,16.5,852
1972-02-01,17,315
1972-02-01,17.5,52
1972-02-01,18,4
1972-02-01,19,11
1972-02-01,19.5,67
1972-03-01,8.5,3
1972-03-01,9,193
1972-03-01,9.5,509
1972-03-01,10,357
1972-03-01,10.5,426
1972-03-01,11,353
1972-03-01,11.5,444
1972-03-01,12,165
1972-03-01,12.5,11
1972-03-01,13,92
1972-03-01,13.5,29
1972-03-01,14,287
1972-03-01,14.5,1121
1972-03-01,15,116
1972-03-01,15.5,241
1972-03-01,16,280
1972-03-01,16.5,1012
1972-03-01,17,181
1972-03-01,17.5,60
1972-03-01,18,26
1972-03-01,18.5,16
1972-03-01,19,50
1972-03-01,19.5,13
1972-04-01,8.5,4
1972-04-01,9,100
1972-04-01,9.5,738
1972-04-01,10,404
1972-04-01,10.5,1492
1972-04-01,11,622
1972-04-01,11.5,5532
1972-04-01,12,1498
1972-04-01,12.5,52
1972-04-01,13,43
1972-04-01,13.5,48
1972-04-01,14,764
1972-04-01,14.5,3690
1972-04-01,15,363
1972-04-01,15.5,717
1972-04-01,16,357
1972-04-01,16.5,3476
1972-04-01,17,2853
1972-04-01,17.5,328
1972-04-01,18,492
1972-04-01,18.5,259
1972-04-01,19,149
1972-04-01,19.5,140
1972-04-01,20,167
1972-04-01,20.5,18
1972-04-01,21,163
1972-04-01,21.5,11
1972-05-01,8,4
1972-05-01,9,45
1972-05-01,9.5,918
1972-05-01,10,681
1972-05-01,10.5,2223
1972-05-01,11,1109
1972-05-01,11.5,5670
1972-05-01,12,1095
1972-05-01,12.5,75
1972-05-01,13,95
1972-05-01,13.5,149
1972-05-01,14,987
1972-05-01,14.5,3981
1972-05-01,15,348
1972-05-01,15.5,1053
1972-05-01,16,647
1972-05-01,16.5,6484
1972-05-01,17,3214
1972-05-01,17.5,1099
1972-05-01,18,1099
1972-05-01,18.5,1059
1972-05-01,19,1000
1972-05-01,19.5,689
1972-05-01,20,441
1972-05-01,20.5,288
1972-05-01,21,565
1972-05-01,21.5,68
1972-05-01,22,23
1972-05-01,22.5,4
1972-05-01,24,2
1972-06-01,6.5,2
1972-06-01,8.5,2
1972-06-01,9,48
1972-06-01,9.5,1008
1972-06-01,10,443
1972-06-01,10.5,1456
1972-06-01,11,2253
1972-06-01,11.5,3219
1972-06-01,12,1486
1972-06-01,12.5,201
1972-06-01,13,183
1972-06-01,13.5,153
1972-06-01,14,2095
1972-06-01,14.5,1816
1972-06-01,15,186
1972-06-01,15.5,746
1972-06-01,16,774
1972-06-01,16.5,6262
1972-06-01,17,2186
1972-06-01,17.5,1758
1972-06-01,18,1775
1972-06-01,18.5,1609
1972-06-01,19,1477
1972-06-01,19.5,671
1972-06-01,20,293
1972-06-01,20.5,336
1972-06-01,21,618
1972-06-01,21.5,242
1972-06-01,22,46
1972-06-01,22.5,4
1972-06-01,23.5,2
1972-07-01,7.5,2
1972-07-01,8,2
1972-07-01,8.5,4
1972-07-01,9,71
1972-07-01,9.5,721
1972-07-01,10,668
1972-07-01,10.5,2242
1972-07-01,11,1164
1972-07-01,11.5,2261
1972-07-01,12,1318
1972-07-01,12.5,227
1972-07-01,13,201
1972-07-01,13.5,134
1972-07-01,14,323
1972-07-01,14.5,1867
1972-07-01,15,143
1972-07-01,15.5,621
1972-07-01,16,660
1972-07-01,16.5,5293
1972-07-01,17,4540
1972-07-01,17.5,1755
1972-07-01,18,1580
1972-07-01,18.5,1197
1972-07-01,19,1295
1972-07-01,19.5,529
1972-07-01,20,661
1972-07-01,20.5,642
1972-07-01,21,965
1972-07-01,21.5,139
1972-07-01,22,17
1972-07-01,22.5,8
1972-07-01,23,3
1972-08-01,8,5
1972-08-01,8.5,6
1972-08-01,9,32
1972-08-01,9.5,500
1972-08-01,10,708
1972-08-01,10.5,2064
1972-08-01,11,2424
1972-08-01,11.5,2142
1972-08-01,12,653
1972-08-01,12.5,273
1972-08-01,13,234
1972-08-01,13.5,137
1972-08-01,14,357
1972-08-01,14.5,1488
1972-08-01,15,54
1972-08-01,15.5,1603
1972-08-01,16,873
1972-08-01,16.5,4366
1972-08-01,17,4678
1972-08-01,17.5,1980
1972-08-01,18,2280
1972-08-01,18.5,2091
1972-08-01,19,1625
1972-08-01,19.5,763
1972-08-01,20,358
1972-08-01,20.5,528
1972-08-01,21,517
1972-08-01,21.5,109
1972-08-01,22,6
1972-08-01,22.5,2
1972-08-01,23.5,2
1972-09-01,8,5
1972-09-01,9,46
1972-09-01,9.5,510
1972-09-01,10,781
1972-09-01,10.5,1792
1972-09-01,11,1520
1972-09-01,11.5,1760
1972-09-01,12,120
1972-09-01,12.5,127
1972-09-01,13,54
1972-09-01,13.5,133
1972-09-01,14,1092
1972-09-01,14.5,668
1972-09-01,15,964
1972-09-01,15.5,868
1972-09-01,16,651
1972-09-01,16.5,2347
1972-09-01,17,3011
1972-09-01,17.5,1925
1972-09-01,18,1194
1972-09-01,18.5,1443
1972-09-01,19,1419
1972-09-01,19.5,806
1972-09-01,20,497
1972-09-01,20.5,503
1972-09-01,21,766
1972-09-01,21.5,531
1972-09-01,22,26
1972-10-01,8,4
1972-10-01,9,20
1972-10-01,9.5,470
1972-10-01,10,940
1972-10-01,10.5,1618
1972-10-01,11,4537
1972-10-01,11.5,1234
1972-10-01,12,190
1972-10-01,12.5,57
1972-10-01,13,72
1972-10-01,13.5,382
1972-10-01,14,964
1972-10-01,14.5,1598
1972-10-01,15,907
1972-10-01,15.5,704
1972-10-01,16,1098
1972-10-01,16.5,2012
1972-10-01,17,2273
1972-10-01,17.5,1934
1972-10-01,18,1415
1972-10-01,18.5,1083
1972-10-01,19,926
1972-10-01,19.5,592
1972-10-01,20,215
1972-10-01,20.5,383
1972-10-01,21,414
1972-10-01,21.5,540
1972-10-01,22,82
1972-10-01,22.5,8
1972-10-01,24,2
1972-10-01,24.5,2
1972-11-01,9,82
1972-11-01,9.5,568
1972-11-01,10,805
1972-11-01,10.5,2029
1972-11-01,11,3468
1972-11-01,11.5,1703
1972-11-01,12,197
1972-11-01,12.5,48
1972-11-01,13,62
1972-11-01,13.5,229
1972-11-01,14,1503
1972-11-01,14.5,902
1972-11-01,15,435
1972-11-01,15.5,928
1972-11-01,16,1250
1972-11-01,16.5,1856
1972-11-01,17,3186
1972-11-01,17.5,2103
1972-11-01,18,1323
1972-11-01,18.5,864
1972-11-01,19,1039
1972-11-01,19.5,896
1972-11-01,20,82
1972-11-01,20.5,4
1972-11-01,24,2
1972-12-01,9,64
1972-12-01,9.5,317
1972-12-01,10,838
1972-12-01,10.5,1865
1972-12-01,11,2345
1972-12-01,11.5,1572
1972-12-01,12,173
1972-12-01,12.5,137
1972-12-01,13,44
1972-12-01,13.5,260
1972-12-01,14,1403
1972-12-01,14.5,1123
1972-12-01,15,469
1972-12-01,15.5,772
1972-12-01,16,919
1972-12-01,16.5,1654
1972-12-01,17,2191
1972-12-01,17.5,1233
1972-12-01,18,579
1972-12-01,18.5,236
1972-12-01,19,512
1972-12-01,19.5,614
1972-12-01,20,184
1972-12-01,20.5,98
1972-12-01,21,1445
1972-12-01,21.5,635
1972-12-01,22,26
1973-01-01,8.5,2
1973-01-01,9,69
1973-01-01,9.5,538
1973-01-01,10,877
1973-01-01,10.5,1514
1973-01-01,11,2576
1973-01-01,11.5,1875
1973-01-01,12,325
1973-01-01,12.5,60
1973-01-01,13,61
1973-01-01,13.5,221
1973-01-01,14,1327
1973-01-01,14.5,2249
1973-01-01,15,835
1973-01-01,15.5,1631
1973-01-01,16,1051
1973-01-01,16.5,1223
1973-01-01,17,2006
1973-01-01,17.5,1070
1973-01-01,18,726
1973-01-01,18.5,500
1973-01-01,19,384
1973-01-01,19.5,275
1973-01-01,20,135
1973-01-01,20.5,2
